user_id,email,password,handle
1,hgwillym0@wikipedia.org,uT1=5R`M%,ltitheridge0
2,jsivil1@hubpages.com,lS1#*tK6,iswyne1
3,sblabber2@odnoklassniki.ru,yG9#JGDDYtR,msenyard2
4,jllewelly3@ow.ly,mE3>z$5Ijm,lingledew3
5,sszymanowski4@nba.com,aK8+\?fPsz~wP,gpothergill4
6,cgreedyer5@friendfeed.com,"gQ1,``uPIbIi'",celtune5
7,sspellard6@princeton.edu,zQ4_p0~CLrPbZ,pschonfeld6
8,kmelhuish7@naver.com,gU9@'KJAgJ)%3VR4,mdood7
9,jhavock8@alexa.com,aB4<X2Tl}l,jastell8
10,jwooderson9@abc.net.au,aI5<=jOE&'nDx6,cupston9
11,nrulfa@noaa.gov,uV2$_!kySJJ$RA,cculshawa
12,ebromheadb@alexa.com,oZ8&2IyGTxiX5m,mbusselb
13,dharlandc@nba.com,mI7}zIr&8"u,dmantramc
14,glukeschd@independent.co.uk,jP6($npCGPWvU,msaturleyd
15,mpowtere@irs.gov,"tK0,gw{X",gmccrofte
16,bpedrollof@furl.net,tF0\LbTUeCo,lfitzsymonsf
17,lstickneyg@sourceforge.net,wS3$/wODg29*n,ggudeg
18,rbirnieh@posterous.com,aV6?J!_ye#`|,pbeynknh
19,ltoori@cnbc.com,mW5)sNKi~15Z>C,ldennisi
20,stomesj@t.co,fC4&k3k2x',imulmurayj
21,apaolik@theatlantic.com,dK5<I?UK,naudask
22,kbraddonl@comcast.net,cH0_nX}6a5"I,dflewettl
23,kdaglishm@smugmug.com,eG2%DU4dS,tboggonm
24,cshillidayn@shinystat.com,qP3+HkR7kb,nsuttlen
25,dcuerdao@hubpages.com,tD2%.YZ.oV4,bedyo
26,pgreginep@toplist.cz,"sW9""h}y%v,mrd",srosengartp
27,tnuttq@bloglines.com,"fW7""y,Jw@LmEN)o",ymattiussiq
28,dtudorr@nsw.gov.au,aE7|'QT0bl,ibowerr
29,bhrishchenkos@rakuten.co.jp,bG8!6`/Dm"+,pwindmills
30,wengleyt@nymag.com,nY2`#%YE4,nbreeset
31,gmackieu@statcounter.com,fK7#'~0zh<Y=WQ6,pdolanu
32,lgronov@stumbleupon.com,tU7(SJq6e,rmoiseyv
33,aclistw@mapy.cz,wD8>'%x/5wp&!,jdaintryw
34,stillmanx@timesonline.co.uk,gG3#%<z_l$=@mP.s,jastx
35,dgoobley@lulu.com,hG0}H11/TPzh#q!%,myeendy
36,dscatchardz@accuweather.com,"sO8(.>\"",4",tteresaz
37,irottgers10@alexa.com,kE0{1N8lw%R*U\m,nswires10
38,sclemencet11@fastcompany.com,pK6/Kdd?(6,spaulton11
39,sjablonski12@fc2.com,pZ7>1}#WQu`>1FWI,cwenban12
40,ithynn13@meetup.com,nC5\B4~`1rff,edarrigoe13
41,hkramer14@wordpress.com,zY8#i7Mn/$,bmacelroy14
42,flemoir15@tripadvisor.com,uC4}#H@2,kesposito15
43,kiannello16@is.gd,pB8``3U"@E>|h4,cfouldes16
44,lkenington17@illinois.edu,wF0%0To#Pku=5,vfinnigan17
45,ddagon18@chron.com,bJ4!Z/\A5"?$3d,lrennles18
46,jverbeek19@state.gov,dT0`C&eJzbn,rcurrom19
47,glossman1a@yahoo.co.jp,dX2\WI7p,cmaddams1a
48,haery1b@uol.com.br,xX0+xXP4U/BF#4<,ewhellans1b
49,bwondraschek1c@forbes.com,gN1(}rWr\'EC&{j*,gtwiggs1c
50,kleonard1d@sbwire.com,tQ2}MgJ!(>8_S5,cmacconnal1d
51,fwasteney1e@macromedia.com,tR3%@2t@>=,hworsnip1e
52,mthornborrow1f@blogspot.com,kM2<2qEA\p|<|P,pbeeby1f
53,qaudiss1g@constantcontact.com,vP7#9Ka/_el<Ehy4,jgosnell1g
54,ltaye1h@japanpost.jp,bX0`ER&J4hbW,ldocksey1h
55,twoodus1i@admin.ch,uM9=3d4i,egemnett1i
56,scollecott1j@yolasite.com,pC5<W&g>f,lmenzies1j
57,dbengough1k@wix.com,oG0'3{}H,pdawtrey1k
58,nburdoun1l@dion.ne.jp,oJ4?toED.,ltilston1l
59,kformie1m@china.com.cn,fH2{Ad|`PAwK0%\,driddles1m
60,sbaalham1n@google.com.au,jT8)1.J'XHF.G`wm,ngadney1n
61,abrideau1o@parallels.com,iO0$p"MDVZ?,csplain1o
62,ccowans1p@usgs.gov,xR3}b0"kJi(!4Tk\,jwilbor1p
63,nhilland1q@oracle.com,kQ3!UUn~,abinestead1q
64,tharvie1r@sciencedaily.com,zB0{QV.a96O,bsewell1r
65,gpeyes1s@intel.com,"vU6!@LF,gJ9%_G+x",zmcgaugan1s
66,rsantello1t@hexun.com,fB6\g!H|L!j|m9~K,jcordelet1t
67,grizon1u@dropbox.com,oV7/}e/$O!,swestmacott1u
68,nreadshall1v@123-reg.co.uk,wA8*`<O{U~Tw?C,cdooler1v
69,cawde1w@fda.gov,wP3.jl<qQ|C$C,lline1w
70,tgilfillan1x@cmu.edu,aI9""V7&HK=9HOU,bklimontovich1x
71,pdowyer1y@un.org,vC3|PFw.iwU,chaddeston1y
72,cmaccathay1z@merriam-webster.com,zG5%H`lF@CE/k%,thouten1z
73,afawltey20@jigsy.com,kY2>soKk,acolbrun20
74,rskains21@4shared.com,kF3&fpV7~g,scrux21
75,iharmer22@dropbox.com,nO2.&=i_riqCs1,oleupoldt22
76,ericcione23@whitehouse.gov,lL9%r$oRRcKY,lmardall23
77,dwilderspoon24@webnode.com,bH1\gD0.yE@Fy,cderle24
78,wcruikshanks25@histats.com,bT6)E#Y%s,ngeldeard25
79,ttomaszkiewicz26@quantcast.com,tR8?F*%\3>%h,awettern26
80,rgiacomello27@hostgator.com,pJ0%mVnEamSffJV',kkonzelmann27
81,ctriggel28@chicagotribune.com,gV1={E&0D{8c\2,jfellows28
82,gtomson29@hhs.gov,rB2+~%'Ti)cW+@+(,aphinnessy29
83,lcrenshaw2a@gnu.org,gV0/Yn82U,bdows2a
84,fkinchington2b@gov.uk,oU4\36>}xP}SHFt,dkneesha2b
85,sthickin2c@paypal.com,eW2/y~w|,bpound2c
86,elarmouth2d@economist.com,rY4~0K*Q3`eaL,hhawthorn2d
87,kfri2e@mtv.com,gT8!h4wRBWLVZ,bhartright2e
88,obrodhead2f@intel.com,iK4}m\~6uJ2(o<,bmccleod2f
89,ucoupe2g@geocities.com,nG4($C8W"{lXj,bdennistoun2g
90,emckellen2h@craigslist.org,lG6%nRuiHka,cshattock2h
91,gmacgovern2i@engadget.com,mC4"{"'n4k<CT|5K,ldegiorgis2i
92,dwillford2j@state.gov,oX3.u@uLrI,dhassard2j
93,dreiach2k@mozilla.org,"iJ2',#5C=M",pmatyashev2k
94,onodes2l@foxnews.com,eZ5%~@{Gw,rdonner2l
95,kmurrhardt2m@addthis.com,yJ4#3%EC,mmackay2m
96,acastellanos2n@usatoday.com,pP3\&D})aBvMo,ltryme2n
97,ereddyhoff2o@rediff.com,iK3}L\nV+t1,ayushin2o
98,mtreherne2p@loc.gov,qL3(EI$>&D,dorringe2p
99,vhellis2q@scribd.com,gW1"qo3u=s{l,lwhapham2q
100,jkitto2r@answers.com,dS5$GGzX~HZ6|C#J,fcowie2r
101,tbehling2s@deliciousdays.com,qG7=wc_cVu8%%(gU,nkarpinski2s
102,dpenwarden2t@japanpost.jp,"xE5<Ax,y!%twOx",wfordyce2t
103,frominov2u@yahoo.co.jp,"aK1,{f+Vx??564O",afrancescuccio2u
104,wyielding2v@fc2.com,oN4#ojYJT,cblemings2v
105,udeane2w@unicef.org,sI1'Rm>7JUG>`Ev,dedlington2w
106,ilacrouts2x@google.com.hk,sH3?3nOcU&,rruggles2x
107,sfilpi2y@youku.com,yO3{{o<_|w\*r<A!,aparsisson2y
108,eandre2z@newsvine.com,sH3'UBD_,mtrytsman2z
109,fgermain30@arizona.edu,mB0{6xI>nu|1,fshird30
110,ageekin31@de.vu,vQ7\73tquorXePW`,rmottershaw31
111,dcampagne32@soundcloud.com,pL1<hCMj0LN1_d,zbroadstock32
112,thayzer33@aol.com,uS6`iDBq!btwR{%&,tmccorley33
113,ogriffen34@businesswire.com,jA8!k@m%Z%,dcoburn34
114,mflorio35@ucoz.ru,xS4<K'$H,ichoak35
115,agodsmark36@tuttocitta.it,jH6}0`<G,vskully36
116,cmaccurley37@diigo.com,uT6'u&<1|pDlEro+,glamberti37
117,mgoggin38@psu.edu,oC0.M#rHJ"/WT,boflaherty38
118,adubique39@bloglovin.com,tU2@13eQ,lburbudge39
119,aalbrook3a@indiegogo.com,mB3_5}WfL#ZDl,wkwietak3a
120,cturbill3b@cnet.com,vP1@$(vL`5Lz)D,lgethyn3b
121,nbrim3c@reference.com,eB6"}S/x#dp\LCRM,hcarryer3c
122,rconnold3d@patch.com,oC4#0Ya\K+rBkJ+\,kboyce3d
123,mgladdolph3e@nationalgeographic.com,dU0`_sWP1,kdaenen3e
124,gmckeveney3f@123-reg.co.uk,fW6*{aA=dXS8$Kk>,jjorat3f
125,hhoutbie3g@nyu.edu,"sS9,CiawV3<xgRt(",lrunnicles3g
126,mstarr3h@surveymonkey.com,pE6$qZLDL,ccammacke3h
127,fzannetti3i@w3.org,cH6)LnJ2,wgrave3i
128,rteers3j@microsoft.com,vP8'rzN9?55VyVQT,blewsley3j
129,rangrove3k@last.fm,zQ7$_xrb&>DI)R,edauncey3k
130,bhassell3l@webs.com,aW1~/A4&wx,lshellard3l
131,ssander3m@toplist.cz,bK7!mln*""AB%k=N,twethey3m
132,gbucham3n@jigsy.com,cA4`cuwbI,nallonby3n
133,wkippin3o@craigslist.org,eK1`~"RY|\mtGFDi,nloveland3o
134,rmaior3p@ft.com,vI8/~4#>,afrostdick3p
135,bhargreave3q@answers.com,xW0>4Y=R0,bputten3q
136,fmorson3r@mit.edu,"zP4(<S,t}56Y",tstamps3r
137,sbillitteri3s@sbwire.com,pZ6>`tBrCC,aheymes3s
138,mcufley3t@clickbank.net,xE7%SJE3d9,kleborgne3t
139,hpetherick3u@salon.com,kQ4{)HSwyx,jmacdirmid3u
140,ssjollema3v@weebly.com,kK7>GOph4`cl`F,jsandiford3v
141,cbeinisch3w@unblog.fr,wF7(1(|tH>/,pshale3w
142,akenington3x@fda.gov,sB8+`bn6Wc',fezzy3x
143,ltack3y@seesaa.net,bM5}odyon9DgT6!C,bballister3y
144,hcrumley3z@g.co,hZ1({mfr6kZOyw,cbehning3z
145,wguitt40@1688.com,yJ3?fVazBQ*r,mmuschette40
146,tiley41@blogs.com,mU3'ldDTb2O{HBN,mlillywhite41
147,esaterthwait42@hhs.gov,bU6&n=U_/jgFtl,sdouthwaite42
148,dstollenhof43@amazon.co.jp,gC4}/4H%RGr,spressey43
149,rpetersen44@jiathis.com,kA7_BJ.j(Tm<U.SW,eclaybourn44
150,bluxon45@europa.eu,hT3%5gE0fUWBPNBy,bfairbourne45
151,bblay46@plala.or.jp,oU8|joHzSDJ7c,adei46
152,faloshikin47@toplist.cz,eH0~VaQ/GWkN~{d<,istrewther47
153,ppavlov48@histats.com,xH6@KJKLFrK,dcurnokk48
154,itixier49@arizona.edu,fJ0(w`QyQ?,aclipson49
155,scarlsen4a@is.gd,cV7>&)fV%d$)p,aparsall4a
156,psillitoe4b@topsy.com,qJ1"{1@.uufs`,btipper4b
157,amorphet4c@chicagotribune.com,aT7)+`&q)4ku39vc,fcoleman4c
158,csplevins4d@freewebs.com,zY6_.{Y_8_TQ/,ghaddington4d
159,ffinnemore4e@boston.com,sY2#kKOO,tpartridge4e
160,mpoundesford4f@globo.com,cR1|9MCgL&,jdiable4f
161,codoghesty4g@issuu.com,"eE1!dK,E|R",rkenny4g
162,alademann4h@jugem.jp,yR3.PWGq6hbIQ`A,rbogace4h
163,eolman4i@unc.edu,fV1$noDkg6x,otriplow4i
164,vdailey4j@webmd.com,kH2/>SWW,chinder4j
165,dgrayley4k@yellowbook.com,eP4/nT~R,dchalke4k
166,uciubutaro4l@cdbaby.com,oE2<7z}5+RA(wj,jmorshead4l
167,dmurrie4m@pinterest.com,uX9?vArK\UC+</*,bprince4m
168,akedie4n@devhub.com,zF7\1edc,wfatscher4n
169,egirardey4o@dot.gov,hE9+p%"`xr,adunham4o
170,slacky4p@mac.com,cL4!v~dA_l{',hheisler4p
171,posbiston4q@imageshack.us,bH0`eIP~,jmurr4q
172,mkohnen4r@arstechnica.com,oI6&+.9xi$zy97U,ahurcombe4r
173,cchave4s@taobao.com,jZ0*zNNY,pjado4s
174,mchuter4t@simplemachines.org,"pT7#o,Lgfc+3",aeldred4t
175,aoheffernan4u@acquirethisname.com,tW9~Gu=B,eyakovlev4u
176,rvanyard4v@about.com,tS3$O<C$PB,hdoward4v
177,fembling4w@japanpost.jp,oW8.JWM"bm,khammon4w
178,ltrafford4x@skype.com,zY2&v?!)X,eeffemy4x
179,mhillyatt4y@ftc.gov,hE4)$5z@@b/T,esuter4y
180,czannotelli4z@networksolutions.com,fN5=9+J6Y_iT,ljeal4z
181,hberth50@rediff.com,hM8=>'pMp1,tmustoo50
182,gdarwin51@qq.com,eU7~'{!*B)&J2b|x,kallett51
183,mdimitriou52@amazon.co.uk,qK4@9VuE)$(Uw!!,hbillitteri52
184,hspellissy53@howstuffworks.com,gB7/Js6AAo,mcourtes53
185,abarby54@networksolutions.com,"qG4)Z,B.W\u15.5I",mmason54
186,ljorgesen55@wp.com,mQ1_%BqqejK8>{,nkramer55
187,afrowde56@pbs.org,"kF7`lM,B?&",lroad56
188,cdesouza57@weather.com,"tI2,G'j>!JhO",cspottswood57
189,ysporton58@state.gov,qK0+82J28a,tjoesbury58
190,omannering59@lycos.com,yU6@NWaDZ|a<K,rrapport59
191,gdelafield5a@about.me,"gF2""aPrG,r}{e*$",kshegog5a
192,tkervin5b@google.cn,dB6%\C8K,marnaud5b
193,bbainbridge5c@squarespace.com,pX3{Y}j=,ckinsella5c
194,pmenat5d@theglobeandmail.com,oJ8'&u@__nWO,easple5d
195,zkilmary5e@redcross.org,cJ1~\SI8+E9~T7K",thail5e
196,bpalek5f@deliciousdays.com,sV9)q5dREjB5P,ebausor5f
197,pbeeching5g@earthlink.net,rM5%M@Wt*,rbrushfield5g
198,bkacheller5h@youku.com,kS2\a0L"j\hM,mserris5h
199,hbortolotti5i@aol.com,wR7!BAOj3r}=93Q,srailton5i
200,egrowy5j@printfriendly.com,"uF4@`,ZLUR7}h",epenticoot5j
201,doglassane5k@wordpress.com,"dI7)@6e*,1>+?",ckingdom5k
202,gpetrovsky5l@delicious.com,zZ2!>s+eND?,jwillmett5l
203,ailem5m@topsy.com,cJ7"Mxjm,acescot5m
204,khoulton5n@imgur.com,iS5&4KY=P6,mflacknoe5n
205,sleclercq5o@devhub.com,cI8<*LlD,kalvar5o
206,lscragg5p@spotify.com,"mK2,qx|V?3\TH9""",cthurgood5p
207,bmcjarrow5q@mysql.com,sT7&&t}b%}O$7Y,gheck5q
208,splowell5r@census.gov,cQ4)rO(fR<3Qht2Q,bheinicke5r
209,afarnall5s@accuweather.com,iS7'ddz#/+PZ,pjiracek5s
210,bmonsey5t@edublogs.org,lB2<FC.Y,rtomsa5t
211,wfordham5u@oakley.com,uD6>mA#IA4)9M,ndiemer5u
212,imompesson5v@chronoengine.com,nQ0)C%0UNDFnK7W&,rantushev5v
213,mcatlin5w@bloglovin.com,pF9?Jg`1,bbillingsly5w
214,dstanfield5x@geocities.com,wQ4#%n/TA8u`R~,ewillacot5x
215,dpostlethwaite5y@squarespace.com,eO1=I+)b,pparsonson5y
216,rkamien5z@fastcompany.com,kJ0*_O_dQ,lcrummay5z
217,istorck60@shinystat.com,uY5}3N2rmE.%#A,lcauthra60
218,gbett61@cloudflare.com,aW8/.6&1=7i.q,wcortez61
219,lforeman62@acquirethisname.com,mD6@O1%HK4iTj,lpurviss62
220,mdalman63@about.me,oG6(<rF`ki6#2hG,dladbrook63
221,wgraftonherbert64@yelp.com,bH7*%?x1,mkryszka64
222,brosini65@oracle.com,yC0+t5Ey|5d\%,cpaolo65
223,aeatock66@seattletimes.com,nT0@F)`@K)nI(8,mloughton66
224,nkentish67@va.gov,fI1(MX"4"QI,hpittaway67
225,nkaye68@w3.org,cX2>0d1O?tF,wfirebrace68
226,ssyson69@shinystat.com,yN6`(QNmT8,chaslock69
227,dcorrie6a@vkontakte.ru,jQ1)Dr1nj`XS7Xf*,jfurlow6a
228,smcreidy6b@reference.com,yT8.2|1q,mswigg6b
229,mbernhart6c@canalblog.com,cL9"xx`FK,tbodell6c
230,gdunlop6d@nifty.com,lO4|n_3\nV{i|},egreed6d
231,ghrycek6e@pbs.org,gN6&y!x${Wgq,dekins6e
232,vmellsop6f@washingtonpost.com,iF1}o2|K?5CZAQ0,rbengle6f
233,branger6g@homestead.com,cU3/=Gpjp1~8~y,agallamore6g
234,ghothersall6h@opera.com,xO9"A"9Z<mG.,acaddan6h
235,mkillner6i@tripadvisor.com,"oA2),2v""L|(d$y",jdootson6i
236,hsketh6j@examiner.com,iF8<LXYlR>Lq,cswiggs6j
237,ngerrelt6k@nyu.edu,kR2`9wc.2,msimeoni6k
238,bkristiansen6l@typepad.com,"aG0~G6!S,Z",jmohammad6l
239,amollindinia6m@squidoo.com,hC5~!PbT0P)c!u=,mseavers6m
240,myarnold6n@diigo.com,nW4*?CImEx"EgP,droja6n
241,smcgookin6o@w3.org,pI7"Onw}g,fmcmylor6o
242,nscotting6p@cloudflare.com,mG3)H(%0q2$_+NZI,dgiacomazzo6p
243,kcapinetti6q@google.es,bP2?#$@5Y|fn,rcastagne6q
244,jveck6r@jimdo.com,iZ0`nq_BQ"Cg>M,cmccambrois6r
245,ekenwell6s@china.com.cn,iT4!2_scE~MgtZ,gwotton6s
246,hspatari6t@tumblr.com,"zX0.T9,7%2rjR",jdimanche6t
247,acatlin6u@slideshare.net,sV9?f|U&YXd9,oscarlett6u
248,bgrigor6v@vkontakte.ru,pI1&*gsz"4z#M"qB,ggillogley6v
249,dblaxley6w@hao123.com,aG3<M5Vhel(.gB,amckevitt6w
250,msyms6x@google.ru,sO7?2X=Dp=35}r),panand6x
251,rpraton6y@gov.uk,yV5#>mu`>(p,nkeeffe6y
252,mbrann6z@taobao.com,wR5"7FYS,gmatthewes6z
253,aflemmich70@qq.com,"oI5*yq""ODb\,",wmacgebenay70
254,edrysdell71@paypal.com,wV9\kn0u`QJb1UQ,jsoal71
255,fattenborrow72@skype.com,yT3?9KOEu++C3,ltremblett72
256,cfirk73@indiegogo.com,dP3.PaE)U,dkunrad73
257,dkillock74@google.co.jp,kT2_I>#+,mrabbatts74
258,bisenor75@buzzfeed.com,pB6'T?<1`y,lshippard75
259,mgarner76@hugedomains.com,wZ1/kVL`cI,beasom76
260,llazarus77@alexa.com,lD7!lMZle,esoloway77
261,bkempshall78@acquirethisname.com,eK5(bkDV9NXTol~%,acrumb78
262,bgilluley79@oracle.com,tQ1~@7NKD(~,lfoystone79
263,mcoles7a@noaa.gov,zF7!m}>FpFGzpW1C,kolifard7a
264,ciskov7b@smh.com.au,mO6`DJus>,pfateley7b
265,dsetter7c@homestead.com,"cM5,tw5q!?ELy",hniblock7c
266,lgrissett7d@ox.ac.uk,fE4%JEzHP/Xk*W,ecuell7d
267,bsarfat7e@disqus.com,fT5*FIeLl*SuQ%%Y,ddebenham7e
268,pbroadey7f@jigsy.com,qH0>nhd$hmm},tgiacovetti7f
269,tgilluley7g@ycombinator.com,dR9!pIzS_DKBC*"t,egeekin7g
270,tsexcey7h@wunderground.com,wH0!SYh~Ei0Q@?cm,sreding7h
271,stolle7i@360.cn,vN8}NlonJ'ec,wguillard7i
272,ajohann7j@geocities.jp,sO1?Lmet3>y}b,agitsham7j
273,wcammacke7k@cdc.gov,yD7?REI_?$\S$2>,fdehaven7k
274,glegrys7l@wiley.com,zV5.TUeZ6,bventris7l
275,ccrichmer7m@virginia.edu,jJ9*OYARhy2_`|l,dfurlow7m
276,ameade7n@google.pl,"oZ6,x/1tk\/Hl",efelstead7n
277,skabisch7o@blog.com,iA8@9Yq`R'jZ1F7a,vjerrand7o
278,dtuther7p@wordpress.com,cT9{k=m\=V#,zpalley7p
279,gbarthrup7q@uol.com.br,tO5&u29F,dcurro7q
280,sscarffe7r@xinhuanet.com,vI5@gCfZ+~1b4,sdecreuze7r
281,mgrassin7s@guardian.co.uk,pV9_0qP@Y>jl<d,mabele7s
282,landreu7t@elpais.com,mA0.s0H|aV0,cbunn7t
283,aguard7u@ifeng.com,dN0|{7Tq,vokill7u
284,ldislee7v@furl.net,dW6}BMv0}Q<8,rmcandrew7v
285,atodarini7w@tamu.edu,"rU5@V@fpGzh,HL",tcharlewood7w
286,prichford7x@ocn.ne.jp,eJ6|}"}ALrL|"D%,llangfitt7x
287,ggohn7y@vimeo.com,gM8*"7qv0R,kcorringham7y
288,bcattellion7z@java.com,zQ2#+fHZp,mtumayan7z
289,kthebeau80@hatena.ne.jp,eA9/_6}b5hbhlW,cbaldrey80
290,hstaniforth81@geocities.com,tA4%+2q`E._Sa!i,cshippam81
291,gcamoletto82@vkontakte.ru,eQ2|`D<c>Jr@g,hdraaisma82
292,ocayle83@canalblog.com,fS3)OsLG#Il+7cP,bstitle83
293,ehamlin84@youku.com,eH1|P.R<sM,rcharrette84
294,pcasbon85@geocities.com,hY8=Kfd%$,ameiklejohn85
295,ntripp86@altervista.org,uT4{O{dF&_U2T9,bburditt86
296,lmadle87@answers.com,vK1.<8&vnP,dbailes87
297,jmatiashvili88@google.ru,bD7$~4fXR'xYN9N,gfellon88
298,kcrielly89@amazon.de,lH0'7IP9*Jt5*,fpawlaczyk89
299,claugherane8a@123-reg.co.uk,"hP3\}NsWt,gji}l",mchurches8a
300,ewasmuth8b@ustream.tv,mY2*D9?E,apeirson8b
301,grosenblath8c@youku.com,yJ8#\HaXEk,atrahar8c
302,cgymlett8d@homestead.com,fY1#kWQ!3X1,alongea8d
303,bcurtiss8e@dmoz.org,oF9.l6=e(sS!G5c,btwist8e
304,lmotten8f@microsoft.com,yO0!kc/Pf7s,schene8f
305,smendenhall8g@canalblog.com,iA7={0~6!kv7,nharper8g
306,rimlaw8h@ted.com,fT0}Q&Y)~X4G,csutherden8h
307,dmarklow8i@sourceforge.net,oE0+<6ii@P,rquilligan8i
308,fyorkston8j@vistaprint.com,tR9{{uZvv0ckEe,mtuley8j
309,mfriett8k@example.com,dR1~Tp@\,cgaukroger8k
310,rtaplin8l@de.vu,xK8{17PLp,amonnoyer8l
311,hrozycki8m@instagram.com,pU9?`gso2HC,cdonkersley8m
312,dbetser8n@tinypic.com,aQ7?YzKKSO.lNA,etry8n
313,elorriman8o@noaa.gov,dS4`wVV4baqaMW?,cpowdrell8o
314,mseson8p@squarespace.com,xU8<tR<g?9$wYwel,watwell8p
315,cbarthram8q@marriott.com,xY2>S.s="O%,sclowser8q
316,bjanusz8r@mapquest.com,bF4>Ffh'N,vzincke8r
317,mhalfacree8s@economist.com,cY2)Cd30@\*&?,ldefraine8s
318,lmawditt8t@oracle.com,qJ4$np'%|V+IH,mfullicks8t
319,klefriec8u@netlog.com,rQ8@fgjHq,bpochon8u
320,bbrizell8v@paginegialle.it,yC2<eDX>z(L=ccvU,rlynn8v
321,cmoland8w@netvibes.com,lF7_g>b+Tkn</,jmarle8w
322,bjacox8x@livejournal.com,cK6|3{kYd\7v,wbissiker8x
323,cpinor8y@mit.edu,cU6{)lGb6N%.w~,bsamter8y
324,cpesselt8z@vistaprint.com,qI5?Kj1p#rD\2,erousby8z
325,mloggie90@wikispaces.com,hS7_2gw4+lHnQ"Ac,gkeysel90
326,tridgwell91@qq.com,tP1/k_rb*_,amiddlemiss91
327,lplatt92@sciencedirect.com,tP4>@zsa14uW&5,rseatter92
328,teveritt93@51.la,qR5_dQBSSDOMX>2,alinkie93
329,etenby94@zdnet.com,mP7>ygrct#5d~{u,emachoste94
330,kwildes95@google.co.jp,kR9!%>EJ>b,hknath95
331,ghandman96@csmonitor.com,"sM8@vf,PMKGG",bfranceschi96
332,njeffryes97@163.com,bY9!1q@LEk`,hcrutchley97
333,rvanhove98@foxnews.com,rS9~yQx09nc,bhalwell98
334,fclapperton99@china.com.cn,xI7&/ekl(1,tmcdill99
335,oalabaster9a@webmd.com,oA1_cf1X@Lw"3Fd,dmacdougal9a
336,gnana9b@free.fr,gE4)I<Azrxi'!kH,sstlouis9b
337,dmcelane9c@wisc.edu,tS1(_kTi*f/,bauchterlony9c
338,djahnisch9d@free.fr,uE6#ov2?,dhayball9d
339,rpurdom9e@nature.com,xK7>jD=TM2w(${7,gcouling9e
340,monyon9f@dagondesign.com,vU9`>ikrN{s2}y,rspikeings9f
341,mhardin9g@51.la,yT6/DP2h!{'5Y{',efrancisco9g
342,sgullam9h@4shared.com,hY7'bTun+iL*YPI(,pkhan9h
343,gfawdry9i@cdbaby.com,sE8}l\DSXNHq,bpykerman9i
344,fmostyn9j@nytimes.com,eH9?CPJH3,cwitherington9j
345,jcastana9k@edublogs.org,bW2}0okM,efieldstone9k
346,blehrian9l@foxnews.com,mD5!GjJd|,ecamlin9l
347,ccostain9m@skype.com,wH8$FyEP6_w.dT|,jboatwright9m
348,ndowears9n@delicious.com,"qC4,?vvx8`U0",estollen9n
349,tdreus9o@hostgator.com,yP5~bj((dS"J}VC,mdaoust9o
350,dgrattage9p@github.io,wR5${))adfl50h<d,eidale9p
351,cchallener9q@example.com,zA6#7T{pC><0K~a<,wfraschetti9q
352,tbarter9r@techcrunch.com,mR6%S\9H'<,akiddle9r
353,cbaird9s@tumblr.com,pK7+tnzk419is8,gware9s
354,jplastow9t@t-online.de,fZ6!I"|sI9q6Ac,abony9t
355,dcreber9u@51.la,sZ1?ZG06q2HTVq($,sgarret9u
356,ahintze9v@live.com,"tC8.),e&X/",ktreace9v
357,cclementson9w@icio.us,uQ1?#=w!qW<YNP\,wquilkin9w
358,bjanuszewicz9x@blogs.com,pD6=Hgqb2,glowrey9x
359,dpuleston9y@weather.com,iB9_6|5nsFCE|z,alotterington9y
360,maberhart9z@nih.gov,fU2&Xe{nrZ=pq,calwell9z
361,ldraysona0@home.pl,tB8(Z)aBm#S\{AT,gwarkea0
362,mshurvillea1@gov.uk,"zZ3(Ftcyu.2{,Wc9",rdibiaggia1
363,jodriscolea2@upenn.edu,gI4~$a~NBpfF2DS,gpheara2
364,rconklinga3@telegraph.co.uk,tK8#_'bkL@y,hattera3
365,gmedlina4@globo.com,qT8+>4NPM,mmirfina4
366,mmerryfielda5@ebay.com,bZ1>O*ezC#O,dayscougha5
367,cleiska6@cnn.com,eI2._q\NG{CuhA,bdreinana6
368,bzarfatia7@prweb.com,"rE4<,RB/djVKGsbF",jjurgensona7
369,aworsoma8@oracle.com,nZ7!iz!">(MuF',cbibbya8
370,rrevingtona9@google.com.au,"uE3,,i!6&5Okc",cbirkinshawa9
371,scostellaa@google.co.jp,"uS0)chVE'Kov<,",eroggeroneaa
372,kbothaab@whitehouse.gov,jX7)RkLBk5jT|C,hchristouab
373,cbadhamac@cam.ac.uk,iV7)akAVa5)RX,mpatmanac
374,cloadad@a8.net,wM5.Z\${,wconrardad
375,wcreevyae@scientificamerican.com,sA7~ckU",cgrubeyae
376,bhawkingaf@cnbc.com,kG4.T1h*,jklaessenaf
377,mferriereag@pen.io,lX4'Dau}+,efetherbyag
378,dtabrettah@ftc.gov,wV4|+jG5,hgemsonah
379,mchittyai@istockphoto.com,aS8"YUW'&bC+r,rgherarducciai
380,dovingtonaj@people.com.cn,bG9}WXS(=",rbarclayaj
381,bsinneyak@epa.gov,kV6@2e'Oy4cO,fmuckak
382,eliddelal@skyrock.com,oG2!AYyYi,mwannellal
383,bkroppam@wikispaces.com,mY2.dt*T<8y}*uu8,owindsoram
384,jsleighan@discuz.net,vW5{K>yLqtW(w6&Z,mivashinan
385,lbernucciao@github.com,"pL8,8bTFzUJ~/8E",mgoodingao
386,kmabbotap@wunderground.com,fD1/@fCvHR&\YfzW,millwellap
387,pjosephoffaq@reference.com,yG5'qN"Q"gUF4M<!,rseakinaq
388,lsmalemanar@com.com,dE7!l==tDg,jnoellar
389,pgrigoriscuas@amazon.co.jp,wD5@wsx!kkLY((b,dtiversas
390,lbonnetat@amazon.de,zB9|v+\`__ivG@`,vquestedat
391,atimpanyau@army.mil,dL4}v{u{i!Wzf,lmcguireau
392,zbaggotav@mit.edu,qI1{3T%Tvz!hCvX,lmackerelav
393,wclintonaw@mapquest.com,xV7?N+%2,cdownaw
394,aswindenax@wufoo.com,tZ7&6u<EeJ@1'<BG,bdanisax
395,clangloisay@berkeley.edu,"eK9`hps$L,",gburstonay
396,mcheateraz@cam.ac.uk,mC1=1@X!B~~,pguillfordaz
397,fesomeb0@sbwire.com,tW4#29de_5..b,tdantoniob0
398,krissob1@springer.com,nC8_I'2u}q8+,mpaiceb1
399,epimerickb2@nyu.edu,"pL5,K_a7}(D*rf",ppicoppb2
400,jpoyntzb3@goo.ne.jp,sJ7"4W*|k@tabgv,njacobbeb3
401,lmarteletb4@tiny.cc,cH9$Wc7kt>T(\)I,sharborowb4
402,lmarjoribanksb5@ameblo.jp,qV0<"L~WqZW7~y,tsikorskyb5
403,bobispob6@irs.gov,xY3"&&q6sx,mreddyb6
404,rcaltunb7@cnet.com,eI1<re)Q&+s0l,ligguldenb7
405,lhaydenb8@jigsy.com,sI8_J"K9K\%\,mrennisonb8
406,mwhithalghb9@tripod.com,pC4{7wsvu+KDC?,hbertinb9
407,sclemotba@deliciousdays.com,jP5}{LtrxO*I9uP,cdavilleba
408,jrockcliffebb@zdnet.com,cB6?1>5Z$o,klidgertonbb
409,reimbc@nps.gov,vD7)LD{>{F,stickbc
410,cotybd@wp.com,"zH4&hI,SPvna{Wtj",gjansensbd
411,ccrucettibe@hostgator.com,jP6"+2V~,nmalinbe
412,cpotierbf@miibeian.gov.cn,wN5(X~A''\2wE,apaasobf
413,alampebg@diigo.com,"wW1,*cir7.",rchaplingbg
414,gmainzbh@stumbleupon.com,hT5&R364b,hlehrbh
415,dmcfarlandbi@github.io,cD4#/QE9?uf.,sgravattbi
416,hbrabonbj@clickbank.net,hX7'gfmb,mshrievesbj
417,ldenleybk@mysql.com,zW3}B>L|,bbonnetbk
418,malekseevbl@fc2.com,bI5'&Cm(69,creffebl
419,rgatelybm@cam.ac.uk,sZ4$z'dvx*,pthornbm
420,hpotapczukbn@cam.ac.uk,fL8@7>(`k}Q,calexanderssonbn
421,baingellbo@scribd.com,mM4}mM(OgH/Mu8~Q,gsongestbo
422,araritybp@unesco.org,qM3/&u)4Je,espurryerbp
423,qmerigeaubq@bloglovin.com,"sW2{,PdNDLP",mmccomishbq
424,emerlinbr@ca.gov,uC9`KJ.7B$z0LT0,twehnerbr
425,bdunnanbs@storify.com,"gE3%EKP_j,q",tdaidbs
426,cskupinskibt@hugedomains.com,"nP8{&Ke+,""*`k",npoyserbt
427,cmcgenisbu@wunderground.com,tT1'D&wnEG%+GmA0,snewickbu
428,challgoughbv@posterous.com,fO9~7)IP,amarqyesbv
429,psaxelbybw@un.org,nO7*6SR3lncP>AG,abeechenobw
430,fthiembx@spiegel.de,oT1=yTrGni,jsygrovesbx
431,hsextyby@deviantart.com,"oH0|<(qWI@,1GKA",shaszardby
432,adionisbz@geocities.com,aS0{XV$\oWl,thulbertbz
433,ademarchic0@google.it,cT4/I`!/,grushmanc0
434,jshallowc1@ucsd.edu,zT0~HGd@)JD<`{r,hgiffenc1
435,dphilc2@nsw.gov.au,uZ0%.56IfkeV,lthrustlec2
436,rlamburnec3@nbcnews.com,dU3"S*E?3qc8yYjL,cmendesc3
437,nsulterc4@dmoz.org,cZ0&W$n!B+J.,ndagnanc4
438,ciskowc5@twitpic.com,yH6}?VZ1(ZJ0v/,tspinckec5
439,cdumbrallc6@mozilla.org,xZ2.DsUt',fwelburnc6
440,mcrowdc7@tinypic.com,fH9<DQm$NPxu$Y7,tblaesc7
441,modriscollc8@miitbeian.gov.cn,iK8&u?&u2F}<TDS,gpyecroftc8
442,bannettsc9@trellian.com,tA6__c!K,bjergc9
443,jhurlca@liveinternet.ru,vR3~{e5.HP|<H,apounderca
444,fmompessoncb@abc.net.au,bQ5/pGr2,hgwynnecb
445,molyfatcc@360.cn,aO9`crPA>}DP&3z,ytrucecc
446,hpiesoldcd@sun.com,fV8|$\q9e&83UKV,cgwaltercd
447,sdelaperrellece@amazonaws.com,dV3<)Mq'6,vtruittce
448,thewinscf@opera.com,oS8`8?rNo,bbleicf
449,ymilleycg@geocities.jp,dP2?d@~Z~ho}gPN,gsmithendcg
450,rreublech@zimbio.com,pS4(i?w@YT,tkennedych
451,hyukhtinci@soup.io,hW1~+*"L2$es,jpearmineci
452,sspiviecj@youku.com,fZ9(&Tc9,bharnorcj
453,cbrislaneck@sourceforge.net,nE2'+EDEi%|,abestallck
454,aweildishcl@clickbank.net,cN7@@Q~rNxtDjy,mbrownsettcl
455,tipslycm@hubpages.com,iM3~+EO*>u%xuf,rcartmalecm
456,schinnickcn@de.vu,rS7/?yxpmrV,mgonzalocn
457,astilingco@jimdo.com,qG6'nk?z2OU8,fmillsco
458,dfoxallcp@reuters.com,eL3{&K}W,eteacycp
459,rtwallincq@slate.com,"tY3,uho7p3",lbellhousecq
460,bsikorskycr@slideshare.net,eM3_3DvBzzB)zWD,lgaultcr
461,ctackellcs@imgur.com,dK4=cD>a90,epethercs
462,dcappineerct@canalblog.com,jU5*Z*G%VQj,ccottect
463,abrenstuhlcu@fastcompany.com,hJ4{zd)g,kmussetticu
464,fbratchellcv@ow.ly,hN2/fcw5f)o9x#,bmacmenamiecv
465,ibilbiecw@exblog.jp,"vF7+p,`x&_5",dantonikcw
466,mbambercx@engadget.com,wJ0=)_s8506&GsE,gparmancx
467,lpatency@mapquest.com,cD6%KnVg.yB,bhayllercy
468,dfairbankscz@youtu.be,fN5)XR4AKl)~V\H,bheldercz
469,sbrandtd0@sfgate.com,oG0*m_E{"cbSMo$7,tbroland0
470,nfonquernied1@baidu.com,"xO0,hx?zvb&iZ~",ndavidsond1
471,ekilalead2@wikimedia.org,zN0?SNXy(O',bpracyd2
472,hpennicardd3@marketwatch.com,nC5&S&_)Z',lprantld3
473,amaciaszekd4@skyrock.com,mV4\rZ9g,mdearsleyd4
474,jpassed5@tumblr.com,yX0|eGkCiyz,mblofieldd5
475,mcrebod6@newsvine.com,kJ5'}YSV,lolfertd6
476,sfranchyonokd7@webnode.com,lJ5"le@8uvUm(,sblezardd7
477,jolearyd8@ustream.tv,aS8@xIpSaHzi,lshowelld8
478,hskoned9@chicagotribune.com,eE6(f``WCX&G|\,vcordaroyd9
479,aorrillda@telegraph.co.uk,nS7>hLhwY{&j'(7,acramerda
480,bfleisdb@cocolog-nifty.com,bU7'=mxPSv,mlewensdb
481,mfreeburydc@bluehost.com,zM5&oi3WV(W*1b&@,mbugdaledc
482,otarrierdd@nps.gov,"pS5)'5,kWeY",jdartondd
483,tporterde@networkadvertising.org,kM0"y#wZ,wshreevesde
484,vgauvindf@forbes.com,oJ6|pwUg5Vu\~)}},jforridf
485,cgangedg@redcross.org,bW7?bVx6w1EnX99,atrebilcockdg
486,achalfontdh@a8.net,sB3?y?Zc6l)T#,cmorfettdh
487,bbartkowiakdi@arstechnica.com,tV8_%e%s{ZMjK{<},mchettoedi
488,cmorriesondj@nsw.gov.au,sG5=/F=e{,mclendennendj
489,hcoulldk@yellowpages.com,bH4)>Dg?'piMVZ6>,mhanksdk
490,yboulderdl@unc.edu,rF0$3/r/,hgoldsworthydl
491,acorsellesdm@sun.com,xK4|\kUc\,fhazeupdm
492,vfettesdn@deviantart.com,kA2}2zw/+(,rglyssannedn
493,oglisondo@baidu.com,sF1&=p7.},avanhalledo
494,dstoppsdp@yellowbook.com,"uR1@bCr,uo",bgrammerdp
495,ibarrattdq@soundcloud.com,gX0>>}U"#'BcRU.D,nhumpagedq
496,mducarnedr@chron.com,"fI8,1CR<Y`n'nX",htelegadr
497,jcoands@mediafire.com,mG7%8!0vf<%,hfenkelds
498,zbrooksbiedt@google.co.jp,nW5%Y{_v3=DWegne,amenaultdt
499,nfarrimonddu@bing.com,"kI7\t|AI{<OC3T<,",lpaintaindu
500,flavaldv@surveymonkey.com,vJ4`G1<uh0V.by,bsandilandsdv
501,kjindradw@feedburner.com,hZ1<14~!7*0jAfb3,cboddisdw
502,jporrettdx@nih.gov,pU7`w"8!h+<Gw,jskellondx
503,ghyslopdy@jimdo.com,lE2!x6fxyju<"YC,kgressdy
504,mjuoriodz@adobe.com,"rZ3,w@aN}sH<\s`",wwedderburndz
505,lgrege0@hatena.ne.jp,nQ6(2OWu`#Qs,danstise0
506,vabramovice1@google.ru,"pO7""b{7h,&~",bgrisarde1
507,gcassellse2@craigslist.org,"pJ9,!""xD8rZh>iV",bkettlesone2
508,econsadinee3@tumblr.com,"wW1%0AS,B",dbursnalle3
509,ispurriore4@zimbio.com,bU9~D9*0W~E,aabelovitze4
510,amockere5@deliciousdays.com,hV1*g7/0LUz#Yv",bcruesse5
511,amartinote6@pbs.org,dQ8?+pZqk,aswanniee6
512,nscanline7@hexun.com,pL2%G!|S6/(N\\i,beavese7
513,scrosettie8@sfgate.com,oG9!`8C".,cmoortone8
514,amacieiczyke9@goo.gl,dX6=J%LDCka=}\*,khumburtone9
515,mblythea@shinystat.com,aS8{`M*i!5Z.06?,eharrowingea
516,mmaccolganeb@nature.com,jB3&EZ$sM,aoheffernaneb
517,egrzelewskiec@seattletimes.com,dG3%BD6`,hquelchec
518,lmatschuked@51.la,yS9>o2qi5,erobbeyed
519,hmcveaghee@lycos.com,"vU2,N2D5cxvKq",gshorttee
520,hcarlyleef@naver.com,sH1!&2cIsJ=!plw_,knelliesef
521,vheintzeeg@archive.org,nI5$N3*#TB{kw,mhonatscheg
522,eorchardeh@pcworld.com,"oK8.tq_,B{p3&BDI",phartzenbergeh
523,cpollandei@drupal.org,kH2+.}IJe'!d@W3,eivachyovei
524,fgarrisonej@gizmodo.com,fE0}My$7N{.8,rdeboickej
525,eellickek@xing.com,zA4<lh9"9~3,hduchatelek
526,ckobierael@simplemachines.org,"iQ8,D~PM_xm!v.fx",ctungateel
527,dtallantem@netlog.com,kJ7$e_?Cfs,cirvingem
528,iscatcharden@nhs.uk,wV4#RYJx,mdekeyseren
529,penrricoeo@slate.com,mG6/U1wOHh2M(h,fmangoneo
530,bbassomep@boston.com,qE4&oo"{oc,fpetracciep
531,zrawlisoneq@ted.com,iK5>7(4%7,rbrimleyeq
532,scasperrier@free.fr,dF8*x%Fs+HS,pbarnewaller
533,ptrevascuses@cafepress.com,eU1@j\1D=q.M,btuees
534,djupeet@bloglovin.com,mB9}GSUU``>i,cwheeltonet
535,emunganeeu@networksolutions.com,cG7<fK8D!C=,jquinioneu
536,biversev@youku.com,pR9<b+W&0$U,rlinnardev
537,sdrillingcourtew@utexas.edu,iC6(<"V5i+7/P+YG,nmarringtonew
538,dgustickeex@google.de,oF4=.KL}YH6_fi,mscayex
539,hdrydeney@taobao.com,"kK6=W?vc,yO_1",tsalomoney
540,msollnerez@washingtonpost.com,dB6`ysaHldzC{dwl,bsouthonez
541,unormantf0@msn.com,sN5`Ft@&~3O*,wlearyf0
542,jdrabblef1@cnn.com,sJ2_il$8oiPz+$,gjeannelf1
543,clambrookf2@illinois.edu,aL6+eA_4$~C/>Jg,bengelbrechtf2
544,scollynsf3@jimdo.com,mF5})w'tI1Wh,zgoliglyf3
545,asturleyf4@ihg.com,gC4"%/q4a$%kR&+T,soughtonf4
546,divashinf5@studiopress.com,nT2>QVdAw,wrosenbuschf5
547,bdeshortsf6@w3.org,gM7?J_X},kdunsiref6
548,lstalmanf7@tinypic.com,dY3/\cDME,lrubinowitchf7
549,edeexf8@java.com,mD9*?HVrl~,sgibbonsonf8
550,ebutlandf9@webs.com,uH0&6zF?SKnOxk},nellwellf9
551,bjorryfa@tripadvisor.com,qH5@6_1gE~QO{,rpuddephattfa
552,jorchartfb@so-net.ne.jp,wS6_&$DfzqM9,mwestphalfb
553,kredittfc@examiner.com,"vP0,W""9\\r/@w<",opetrushkevichfc
554,wcarlettfd@seesaa.net,pR0"ZNHeAl%,gmahometfd
555,spaddellfe@forbes.com,"sS8#FuFH..,~/F",gjakesfe
556,elavisff@psu.edu,oA3+>|Evc_,wplatfootff
557,korgelfg@opensource.org,tD8@nCTMJcg9x,hnickellfg
558,kkirlinfh@unc.edu,rN0{o&SXk|2K9,djumelfh
559,noleninfi@constantcontact.com,bM4*9{R*k,fchattockfi
560,jsteinerfj@networksolutions.com,fF8<wOz'd2,lcassellfj
561,cwealdfk@state.gov,nT3_lfc0s|suFH,nstendallfk
562,ssmolanfl@blogger.com,vO0+7K1TYWZ,astantonfl
563,dkaliszewskifm@dell.com,iN5?HvTd,pellyattfm
564,aberndtssenfn@mac.com,gD6}3jVCg5X=,dbutchardfn
565,gguisefo@reddit.com,hS8/cTAnDOG+ptS',adorrofo
566,wtiplingfp@phpbb.com,jN0=&taF#1q`3?k,lnoblefp
567,fwaterstonefq@bloglovin.com,"uF7%kdp4,a/tQL~*",crawsthornfq
568,asmurfitfr@fema.gov,nW8)&ZEgii6f3g=*,rsmilliefr
569,snairnfs@issuu.com,rV2!E>UlZw$@,rgibbinfs
570,bpimft@myspace.com,zK3~1z/`9e%Bit,dreubenft
571,zgumaryfu@jigsy.com,"mH8$JWbt,5)R",omintyfu
572,barltfv@myspace.com,eJ4<vv.a+Lfi,tstegellfv
573,hchesshyrefw@instagram.com,yA2_gWwpvS,yledrunfw
574,qslowgrovefx@weibo.com,yS1'!|#?3D%Sgq,enovotnafx
575,hgainsefordfy@army.mil,kP9%8xQNrH,emaguirefy
576,slinsteadfz@oakley.com,nT9|vM#SsUQ/"mkf,ituffieldfz
577,ksommerledg0@amazon.com,cI2$$n!vb,jdymentg0
578,kdouglasg1@icq.com,cS4(*JqCrRE8,lcarhartg1
579,sdavisg2@t.co,wW2(y6G>ii,lmeikleg2
580,slegierg3@wordpress.org,"hI8+N_N,",cbertomeug3
581,kmcginlyg4@ted.com,aW9#G6o50h\&6,tpilgrimg4
582,mgrettong5@wp.com,iZ8\d0_{W<C",tkarmelg5
583,ivanrembrandtg6@ning.com,gT4+T}xVR8J6,bnegusg6
584,ibassilashvilig7@opera.com,sI2`|PYN?<X,jgilmoreg7
585,pnewingg8@sina.com.cn,wS9"oO1C+zIShiI,rrobicg8
586,akemetzg9@dmoz.org,uU4@zIY+DZK(l$`0,gschwierg9
587,draubenheimga@hao123.com,dI7%RJKPeU=,dwhitelandga
588,fmeakinggb@altervista.org,lY9=I@Ee~)I%TPO,smarcomegb
589,fhanburybrowngc@alexa.com,lL7%fSJqy@ksz,gtoweygc
590,ckernaghangd@bloomberg.com,"cS7""_FS~+fJ!E<a,",ttraffordgd
591,ggilderoyge@gov.uk,"fL0?,SPQk)5@",bpashge
592,gdarlisongf@i2i.jp,"bA8.LlN$,*\""C9",hvalentelligf
593,sfaustiangg@businesswire.com,qK3+02byE=pK,drosingg
594,kparkynsgh@wp.com,nK2#fJ15!YV9qr,bdominettigh
595,sjurkiewiczgi@discovery.com,fL9`fWq98j6,adunkgi
596,jbraidmangj@woothemes.com,wG8{=0C>=?Ho}U,dtrethowangj
597,tmustogk@uiuc.edu,sL3|iR@g9\@_F,hbasantgk
598,cmangangl@mapy.cz,kQ1<i$*=,rstranaghangl
599,hairtongm@google.ru,yJ0"}JM%zqK54jW1,irolfinigm
600,wfoffanogn@eepurl.com,zL5*)E_rP,rhoworthgn
601,evsanelligo@shop-pro.jp,gM5<e%n.t`vU,svanderstraatengo
602,jnairygp@google.com.hk,kK2}XUGOU_wO,cschimonekgp
603,slillfordgq@elegantthemes.com,bO3)*ew`,gstadinggq
604,kpeotzgr@simplemachines.org,nS8<'8Z=2TX'_?T,gbleackleygr
605,gsuettgs@china.com.cn,bP1&&9/X??U\e)/R,dborsaygs
606,cconlongt@harvard.edu,"eX2!,5SrbRp85.V",hivanichevgt
607,dchristaeasgu@webnode.com,sW6+*aY>x,mblundelgu
608,bbategv@altervista.org,"yP2'*g..*_T_,",okenforthgv
609,rbrickstockgw@europa.eu,pJ5!Gjd?',handrusgw
610,hbraneygx@mtv.com,jH6*"@~}6bpe\|,prounsefellgx
611,fcantugy@ihg.com,rI3>?omR4\mnNv,lsiberrygy
612,tgrowcottgz@issuu.com,cQ7\29zuqU#"TpY,bbulliventgz
613,dfreebornh0@mysql.com,sI9{A/&av1!,rmatskivh0
614,dbraisbyh1@spotify.com,tH7*vDC7F,wsyplush1
615,dsturdgessh2@vistaprint.com,fN8|6Cg|aLqo%Uu",sbrahamsh2
616,gellinh3@indiegogo.com,yX4(@u|z,cleeuwerinkh3
617,revillh4@oracle.com,rX2?\I~0dF!#,gwinneyh4
618,gmcgladeh5@fotki.com,kD4#4%\ukt<4fM/,isevilleh5
619,vpietruszkah6@ucoz.ru,iG7}cgdc'I+DF,mbawdenh6
620,bnurnyh7@sbwire.com,rS2!J"Af>0)w!4S,rhammerstoneh7
621,smeuseh8@exblog.jp,uH5<_<Nf/o,tdominguezh8
622,cbaitmanh9@prnewswire.com,"uB6=,==1df",panfreyh9
623,dhudsonha@sciencedirect.com,hP6<i*P>uQ\,cbuttelha
624,esedenhb@123-reg.co.uk,"oG0,_oMVEn*jI_~X",csheerhb
625,gaitkenhc@blinklist.com,cF8*eA8/rDJ,sdearhc
626,cferbyhd@vkontakte.ru,kW2)?4`U,tmachonhd
627,kdallmannhe@state.tx.us,cC9!vQ4f)7|4lhv,ghogginshe
628,nslynehf@nbcnews.com,nZ8(Z<+Em}=31{J,chearseyhf
629,fwarrethg@globo.com,sC1`%x~d,vlemoucheuxhg
630,bmacfaddenhh@webs.com,lT4$Q_g}p&a!M@qU,hblacksterhh
631,bomalleyhi@reverbnation.com,oN6>aDzuI`"(j,mghelardonihi
632,bcoltherdhj@eepurl.com,wU6|G58znbg6ys,czuponehj
633,mreamanhk@ning.com,eI7)NP\ub(,mmacfaulhk
634,lrylstonehl@ihg.com,pF8{/.ED)0q,tborchardthl
635,aorgillhm@yandex.ru,xK5{TX6d',lwhitseyhm
636,fvincenthn@nbcnews.com,oT9*GqT2TC=_5?D,tphelithn
637,tcysterho@dailymail.co.uk,bW8$zVT'%,hyongeho
638,jconsadinehp@dmoz.org,pU3/nZT($RW,ktolchardhp
639,eissardhq@guardian.co.uk,iP9'Uq6`#op+}ljF,lbaynardhq
640,mpowerhr@yandex.ru,iU5(+EUQuC_Ms,landrehr
641,padamovskyhs@zimbio.com,fV3*%K"S,ogregorowiczhs
642,hrohfsenht@last.fm,aF3=?m9=W5uz,sbarckht
643,cspontonhu@webs.com,iK8)idBCZf,nherchehu
644,tmaileyhv@furl.net,yH4>$TGb,tportailhv
645,skaesmakershw@imgur.com,uW9.IZX8PC+CguJ,elukasikhw
646,gwyerhx@pen.io,pE5@A(e*,rmcffadenhx
647,dbruhy@wisc.edu,lT0?*/9u'{=?,arosenbloomhy
648,dslarkhz@wiley.com,rD2~/F!w&,mheadlandhz
649,dpollingtoni0@tmall.com,yK2!(|Vd,ysallteri0
650,cgiacopeloi1@nasa.gov,nN5!&cel.{L?b,zidiensi1
651,aletsoni2@odnoklassniki.ru,cZ2~7mt}_jXjEp,cbulloughi2
652,mstillmani3@msn.com,mX2(&`5D8,jpostancei3
653,ecorbyni4@timesonline.co.uk,wY6{sTc)P({gv8,dwillcocki4
654,acasswelli5@e-recht24.de,"uX9*P9z,+",ckolini5
655,ewadlowi6@eventbrite.com,dM8%3j!3H,amcimmiei6
656,cshimmani7@sciencedaily.com,yD3}orGRN,boldi7
657,rhansilli8@pinterest.com,gA7#rvptta{HN,cgraffhami8
658,bswafieldi9@nih.gov,fW6>\%)3q,zwinfredi9
659,jmanghamia@w3.org,dS1~N6r/Qwsj,idebellia
660,kkarlikib@cloudflare.com,tD4++'7_LR|@wX$,aroccoib
661,dfidgeic@springer.com,rR4|.R5(zY1K!ap,tserviceic
662,rclackid@toplist.cz,oL1|_U4L<sT/c,zcudworthid
663,rfaussetie@squarespace.com,aT9~v?Uuy_s)yo6B,askirrowie
664,grobersif@edublogs.org,dC0"2h5%Z)CmK,jarundelif
665,jpooleig@tmall.com,bD2$v`1)g%DGdt26,jmanbyig
666,hcobbingih@163.com,kP6}#yTNz(sjR,dcharlickih
667,sbeckwithii@upenn.edu,mX0/|%i\!I9Cr,mnolanii
668,hlauxij@hatena.ne.jp,sE5{4H>%.U2,cfolkeij
669,bchallenderik@unicef.org,tG2(foC(B,cridgerik
670,rnewartil@stumbleupon.com,gT2(fl_dxYcy,ceminsonil
671,codooganim@earthlink.net,jC7%Qqn>?iy`O,mcaulfieldim
672,mcaffin@theglobeandmail.com,sD7(Jx(C,ckahnin
673,npowlandio@who.int,zI8}pAz2}k"vu,apaddemoreio
674,aeselip@pcworld.com,uC9~N>fy<kNTx,gforgieip
675,floreyiq@artisteer.com,tR0$>T"),agibbeiq
676,sscuffhamir@etsy.com,jX1>aBKM,nsindleir
677,phusbandis@disqus.com,"bK1,Hd?p|rqI'zP",cjzakis
678,lkingsworthit@desdev.cn,wJ1{gz<$MFxA,cclutheramit
679,aroughtiu@google.de,hE8*PZAq,vabercrombyiu
680,eduinbletoniv@csmonitor.com,"cS5,rC_wuQVS56",lcowterdiv
681,rbridleiw@google.ru,jK5)fT%f,rgallieiw
682,bgullefordix@huffingtonpost.com,iK5~X4S5,uperschkeix
683,jnottleiy@networkadvertising.org,sF2)KE}pl<,swinniy
684,rchatteniz@instagram.com,aN7"CYTXt=`NJQ4H,wstilgoeiz
685,cattenbarrowj0@china.com.cn,xN7%idgJ+,ceasbyj0
686,tcourtesj1@army.mil,hS9|iffz,asymmsj1
687,cbarwisj2@toplist.cz,vM8"{r21,brobbingsj2
688,vchrestienj3@sphinn.com,hH2?AFUkPd`Ojq|,ebasilonej3
689,cwoodhamj4@pen.io,lS1?QnyZqV4$S'>!,obaynej4
690,rweavillj5@fema.gov,"rX4,Xva3A>)nIDJ",cmcdoualj5
691,ofeechumj6@fotki.com,jB2/Qjk>)Ba5w(KL,rroskillyj6
692,eelwellj7@census.gov,cP2#&)?uWJ&c)`)L,adesantisj7
693,rdogj8@lulu.com,rU4)P@+DC1T,drosendalej8
694,dbourgaizej9@cargocollective.com,"fN1)6=`N0.,_C",bmclagainj9
695,slightollerja@va.gov,"kW7,/x.JIHL""7HdZ",smcgeaghja
696,apinejb@deviantart.com,qL3=N6xXD$5O,jderechterjb
697,knowelljc@ezinearticles.com,hH2%)#V>urc',cwakelingjc
698,yfoxwelljd@behance.net,bG1`aa}q*P"XB~J,bsteinhamjd
699,obebisje@wikipedia.org,iX6/!Ko2XATIX,aajsikje
700,gdestoopjf@spiegel.de,jL4'QOZ'Nz&C5=tC,aclarajf
701,gdibartolomeojg@washington.edu,hW7@I7=r#aJ/B2,lsantryjg
702,hhartoppjh@g.co,iV5/TMNxSTm,areubenjh
703,mmulryanji@virginia.edu,"fQ9)\y,1Qd",oraggittji
704,bfollingjj@stanford.edu,gZ3~xU{(,hberlingjj
705,msitwelljk@netvibes.com,iA1~f~j*w@sy~,smcluckyjk
706,dtouretjl@yahoo.co.jp,"gA9.,9bkSx9g&|\E",umellingjl
707,gmacalesterjm@usa.gov,qZ7+H<vO8dK$,iconiffjm
708,psamsinjn@unicef.org,"dF8)NYLV`,!tH",lwalmsleyjn
709,kguntonjo@msn.com,aN7/d`XWpbGQ%/rH,nharmourjo
710,ptilleyjp@mac.com,vX9\24i@ln%~UnCP,gkasteljp
711,vohannayjq@merriam-webster.com,cX9#.*tJvAk,bmushawejq
712,fpaddickjr@youtube.com,xQ8+DR\(4x,kberensjr
713,vdrewelljs@walmart.com,"iC2#h$Ok',",wgetleyjs
714,bgoodinjt@netvibes.com,kU5|@4UXE"cwr/,emceachernjt
715,stwelvetreeju@mediafire.com,oP5*!c_7#,lhalesju
716,gsalzbergerjv@meetup.com,sL3&F3OZm8O#PB,klemoirjv
717,pwynessjw@dailymail.co.uk,hJ0#\`jNjyJ,gcambelljw
718,hreidejx@biblegateway.com,jI5<x/4YcwMP5Rh,bkohtlerjx
719,ncrathornejy@cyberchimps.com,jB7'4Y0VEKUV,cmaccostojy
720,tcunniffjz@va.gov,"xF0'(SA,",pheindrickjz
721,rmiddlebrookk0@spotify.com,fI7@aG(|{,cscudk0
722,trixk1@odnoklassniki.ru,eJ6(W_'40W_FF@mY,ddearlek1
723,lsurgenk2@simplemachines.org,fY7.InOI/~0VbD,tnultyk2
724,dbayntonk3@senate.gov,lV8#CHg*bmI,tdouglissk3
725,dgiottoik4@goo.ne.jp,jT9!WE!wNK`2,hliptrodk4
726,rodriscollk5@reddit.com,"iS3`""0a7n,6\",dmalank5
727,enarek6@cnn.com,lG0+K_/nyg+_|,dbiersk6
728,ahariotk7@freewebs.com,aG4"F6pG=WAg,pemmanuelik7
729,snivenk8@hostgator.com,lW8_8zO{9bs2i,jaleshintsevk8
730,bhlavecekk9@angelfire.com,gL6(0!1"Qs@<,akerink9
731,eingreka@goodreads.com,uS4'GB`eR,pverilloka
732,wespinetkb@domainmarket.com,bG6.8uZ)19u,vthamskb
733,bbeisleykc@weibo.com,iE9#k+PIB,bwinkworthkc
734,mscardkd@freewebs.com,fL0~D)q<{/NnLj,vtramelkd
735,wthickenske@columbia.edu,iG9{j~h@Ua,chaynesfordke
736,liacovellikf@marriott.com,mR5'p<|uw,fmcdermottrowkf
737,lvlasenkovkg@shinystat.com,gY7(wC=s#{A0aRO,borwinkg
738,pstrettonkh@tinypic.com,wB7!_X\XW!B!$(1y,natchlykh
739,achastagnierki@nyu.edu,yE1{)#6d$#%,lleeleki
740,fhassinkj@gmpg.org,hT0+{4F5TruU',sfodenkj
741,gcarstairskk@whitehouse.gov,dU3=8aevNa,aabreykk
742,gscopynkl@mit.edu,eO5>Uy8CE,fhannafordkl
743,aveltekm@bing.com,tM1{5V)I6GhNKBhU,scumberledgekm
744,fgaleskn@123-reg.co.uk,xV9~.77FLS\f<,tcorckkn
745,ecubleyko@rediff.com,nN5(i9<eomvqMZH,eboltko
746,cgorgerkp@google.es,gS5=F"jq*~~RdV*,rbunnkp
747,swelbeckkq@addtoany.com,vG4_CFr\,cphilimorekq
748,mrubrowkr@netlog.com,xO5+m0t_6V+'qdU,dpillkr
749,lspirrittks@house.gov,fS9/8rqu(vJ|5w,ashinefieldks
750,mbristonkt@dot.gov,"pH7""=,nW}L|p,",nlynnkt
751,edebellku@psu.edu,"cL7_8y,Lq5",ebragancaku
752,amewburnkv@wikispaces.com,bF4!E_+`?au'*'h,ryokleykv
753,rmurokw@shareasale.com,qO8*C/MD!S~3T,tservicekw
754,vbentekx@youku.com,qP7}\t!T,srastallkx
755,scoytesky@nih.gov,"gZ8=g,~/`pCt",aclooneyky
756,pmacpharlainkz@sourceforge.net,tK7\w.g4O=\$q,jlinkletkz
757,bjewkesl0@nbcnews.com,kA3#~a|tVgamXL,cdosedalel0
758,bpoxsonl1@ebay.com,jH5_LhMa,mdreakinl1
759,zgravenalll2@networkadvertising.org,"aI3*QH,P",amclanel2
760,mcuffl3@globo.com,hO6@~wX0rF)atD,bbewseyl3
761,acampellil4@twitpic.com,xO4`p!!AFBBzZ{,lnoseworthyl4
762,ccotel5@spotify.com,iB3@GjnkOJBMa7g,mdyel5
763,mscrogginsl6@stanford.edu,eB9+bS_|}h1,akleinsteinl6
764,llaityl7@auda.org.au,yZ0'pBOq3_f|v,dbaudel7
765,rmarmyonl8@huffingtonpost.com,hZ7~2\Dz_>qUVbf>,ltremblotl8
766,frimel9@wix.com,"gW5/,!U6_O",trobardleyl9
767,epickburnla@t-online.de,"wB5%&1\~xk,X",bburrasla
768,hburlinghamlb@lycos.com,xS5@Tf'A$9,kcursonlb
769,wbuchettlc@sciencedaily.com,cH4(n>RZp,dknollesgreenlc
770,mfewellld@printfriendly.com,xN2"x3obj,cholleranld
771,tmowettle@google.es,sV0~LcQEZ,lwaggattle
772,swilsdonlf@nationalgeographic.com,"bV0,K5\JI",twindeattlf
773,cbewshealg@newsvine.com,xF2&~\r>h,kbellenylg
774,asegoelh@yale.edu,oC7>@$|cU|"S0hF,mmanoellilh
775,kcharmanli@vinaora.com,yR9}q.W|h$+cJ5&,kgraysmarkli
776,lswinyardlj@tiny.cc,pZ9>o#tj,stwiggelj
777,ncudworthlk@bbb.org,mN0&rI7/O1,ncliftlk
778,awillcotll@reuters.com,qU4(LK<t(hrEG(,gromall
779,gknappettlm@cornell.edu,fR9`<QN|,hpiddocklm
780,rjurschln@ucoz.ru,qT0{_XV31M,lstanlockln
781,mcollielo@wsj.com,kO8'7x3O/Z%Z,egumerylo
782,zbeckinsalllp@smugmug.com,uD4!o2aE6astU!,ybriggdalelp
783,ecogleylq@abc.net.au,mR6}{sf5G|o,driddioughlq
784,acrackerlr@drupal.org,vF1_GpL+v7Y,cjaneczeklr
785,kosgarbyls@xing.com,"lD0,e&#&",ecowlandls
786,ibramptonlt@behance.net,pZ0!y`U9zdOR}#,kscadinglt
787,msignoretlu@creativecommons.org,jN3~c{\CeY,wfockelu
788,elafranconilv@opera.com,zE4'PNzSIAGMv,dbulbrooklv
789,mtriponylw@yellowpages.com,wG8/{uzyuY.p,amacfaelllw
790,nbaxstarelx@meetup.com,wJ9@a{{{_1,khenworthlx
791,elippielloly@bloglovin.com,dV3.N4lO8A,jlendenly
792,cbonarlz@parallels.com,"lG7,Tn)W<w""/Oj",mblodgettlz
793,kmccormickm0@buzzfeed.com,vF5<v*aCRjEX<8t,lburgesm0
794,nwiersmam1@naver.com,zJ8$si/{fr,rclynmanm1
795,ebellellim2@cpanel.net,zJ8'80MN#d,nnucatorm2
796,sderbym3@ovh.net,zC0}|/Y3U\>,apemblem3
797,jcastellinim4@lycos.com,vR6(11YP!Y0Kj_,lolssonm4
798,npriscottm5@guardian.co.uk,aG0~rp4.o|j,nmcphatem5
799,lgrillsm6@irs.gov,vD6#'NR{T,sbarfittm6
800,fffrenchm7@domainmarket.com,jA1"6Z#Dd7fcz,lcreesem7
801,pducarmem8@wix.com,sM7`$5O~BLEO,mmellmerm8
802,erattm9@netvibes.com,dC8#}=yEIS@xjwm,cridderm9
803,cjinksma@guardian.co.uk,tW4|U{R9Hp%|JtC,rkenwayma
804,whawemb@un.org,iD3@g"t*xu'UdQf=,hyarnmb
805,dduplantiermc@mediafire.com,kR0<fpGtC9qvh,ebellardmc
806,sbluchermd@samsung.com,tU1|'|tM+/F\,btoxellmd
807,dnasheme@printfriendly.com,lW7/$JZ=lX,grawstornme
808,vjeandinmf@issuu.com,uG0{7K93yD#3Z,lmcmanusmf
809,agudgionmg@psu.edu,jV7=!qARg\$,tmiddleweekmg
810,mproughtenmh@examiner.com,zH6)7%F%f/ZlP,hrandellmh
811,qvospermi@springer.com,eR0`Th4BY,bluffmanmi
812,lpechmj@constantcontact.com,kX0+2+5XN"L,hlodfordmj
813,ilungmk@patch.com,gR5*bPU5"Y)\g6n,wniesemk
814,rhollyarml@tamu.edu,jY4)NX2"p4*5J|,gganningml
815,tinglesemm@vistaprint.com,mA9*@DKy(P&&,vvasilovmm
816,rluesleymn@amazonaws.com,mV1}qbfamn{+,jgohiermn
817,mskivingtonmo@aboutads.info,nG3|O<W"jQ',mseczykmo
818,elanghornmp@soundcloud.com,fL8_?)cb,sfinchammp
819,tgoulleemq@prlog.org,vI8`6GZ`Li}>g*,cparsonagemq
820,brobothammr@eventbrite.com,fL7!a0zp,lklainmanmr
821,braynorms@purevolume.com,gM8%EWZ{S,bmcrobbms
822,mpritchardmt@cnn.com,vU1"NOZEgG0iMeC9,bsieghartmt
823,ibilbeymu@dailymotion.com,bN4_}4BC,cklimentyevmu
824,tdaunceymv@prweb.com,wU9&|&$%|@FIQi',alorenzinmv
825,kmogglemw@yellowpages.com,"rW6,ve,5TSFr",osoggmw
826,sschutzemx@berkeley.edu,eV6|S\1",hholsonmx
827,ttalbymy@wix.com,"xI7,u!_.F",fduplockmy
828,lgowlingmz@alibaba.com,jT7.r@"JVF,nhansmannmz
829,scowlen0@sphinn.com,yH4|MERZ,dscawenn0
830,tsibunn1@hp.com,aV0"o$te1,tsillarsn1
831,dpettkon2@wix.com,hU6&_)in*9UdO,dstreatfieldn2
832,glumbn3@rakuten.co.jp,uS3*q9\rI7$v{,bskelhornn3
833,sdruittn4@wsj.com,"jQ9@oT.~$a3q,bOd",mpagramn4
834,egraftonn5@guardian.co.uk,bB6't<#5C,lskymen5
835,icursonsn6@bloglovin.com,"kA5)v9.',slL~@",mmilillon6
836,tconnorsn7@friendfeed.com,vG2@`wnen6Z,rweaversn7
837,kstolbergern8@unc.edu,"bO5|,5UAuScc3\",rpellantn8
838,nackeroydn9@jiathis.com,fT6/!{oCJg)X,bgostlingn9
839,besposina@intel.com,pW9*NVsj.3Syh,hcotillardna
840,dburnsidenb@ask.com,pN3%6BcLO~1t,bskehensnb
841,rmeasenc@chicagotribune.com,"cR7>vW,LDTy_/(",cgynnenc
842,fousleynd@drupal.org,qP8=@@K/,escholesnd
843,kklimptne@pen.io,"hV4/WYr,J&Fzw""u?",danniwellne
844,oquickendennf@woothemes.com,vS8>GVK3e,awoodcocknf
845,yadamovitchng@netvibes.com,bX8&Ofml,pbardeng
846,mcromblehomenh@google.de,gV7~0>siCA.,dtethcotenh
847,atruslerni@google.com,gI2!k"2Fbk=?,zarnetni
848,jglencroschenj@technorati.com,hH1@%mRCTm,pmckearnennj
849,ccusworthnk@cpanel.net,aA7&2rrE?YNk?+Lh,bbrunsdonnk
850,aburnhardnl@infoseek.co.jp,mH6?eVB\\,esartainnl
851,cfranksnm@myspace.com,tD1*#fi`}Wz,ncestardnm
852,zfliegnn@geocities.com,iB4_|VYMnb~Cmd=\,ajenkinsnn
853,kblunsomno@usa.gov,bR3(QmWaG%V,rkittoeno
854,ddownagenp@liveinternet.ru,rF2+K~oC6?1@ms|n,lkohtlernp
855,pjakubczyknq@bloomberg.com,oK9=3H<@=~`IGH",tcapnernq
856,obruhnickenr@fda.gov,"eL5=XIshH0,",rcoulenr
857,hovershottns@mtv.com,qF2~Hk+S1R3"A={,cfargherns
858,aokeefent@google.com.hk,"dL4.k_,(1$aH8?",wbiggennt
859,afranktonnu@eventbrite.com,iQ3}RO(j`3h&0l~,bbillsonnu
860,bholyardnv@about.me,bJ3\e_%8,nferrarnv
861,mlaurenceaunw@spotify.com,eQ3_LBjYylKa=X,cmeyernw
862,cswanenx@nydailynews.com,cK5.j_@S5,jpundnx
863,mdikleny@xing.com,iX0"vwlSJ,hwilsteadny
864,afidocknz@npr.org,bD0'zam1~48Am<,cbathanz
865,jsawello0@wired.com,hT8)+e/<4,bmaulino0
866,rclemitto1@networksolutions.com,"kN7,)!=WD9\'rJ",kstedsono1
867,cszuberto2@xing.com,jV3>s`SnM}a2fVur,rivanyushino2
868,ahinzeo3@webs.com,"rX2{natm$v{,2",kblaschkeo3
869,sruito4@stanford.edu,qR0>U*N..128I6,cmaudo4
870,gcamelio5@wikispaces.com,gR7#J5ro!Bk~U,bcumberpatcho5
871,gleidlo6@soundcloud.com,zC5_O!}I5r,hmcfadeo6
872,hklimmeko7@squarespace.com,vY0}p~@g1%/k|jM|,abrumhamo7
873,ttowheyo8@shareasale.com,tD8%*"U~~LFh,rduchasteauo8
874,cpendlingtono9@linkedin.com,mX4{HfbJNW,efilinkovo9
875,beuleroa@forbes.com,yQ8}g61q{,nizakovitzoa
876,thynesob@aboutads.info,kK2+rBud0rJn},abruggerob
877,fschaffeloc@hc360.com,oB9%Y%OH,epoyseroc
878,jbenoisod@pbs.org,kV9@"py~,aoxendenod
879,ncollyearoe@sourceforge.net,"gT7@I),*eht#",rillidgeoe
880,jmacanelleyof@naver.com,rL7/\qRJ@Zjn0!1,lmaaseof
881,hhalseyog@gravatar.com,jG9_Qq_ty=#cP0m>,modgersog
882,cmccrackenoh@epa.gov,"sN5,e~\)CwT",cgorryoh
883,hmynardoi@merriam-webster.com,kV7+%I<#En%ue(,nivanovoi
884,ncampkinoj@chron.com,iL0%7"N0%gWOM5,cadneoj
885,raventok@tiny.cc,zQ8<Ty_N,mdowok
886,fgirauldol@skyrock.com,tA8}HO"?yqD,mcheeneyol
887,cphrippom@netscape.com,eT9|Z~TSK"'A_fWQ,hmaybeyom
888,iharoldon@tinyurl.com,tR2/*AxJpuK36l.,kepiscopioon
889,mdedmanoo@bbc.co.uk,"zW0?i'omV,`",qdearoo
890,gjozefczakop@typepad.com,gC5{+sy6N}AmY$R,lgrocuttop
891,cleafoq@altervista.org,gK9@ll"7rE+N"4,sworledgeoq
892,tferraroor@bizjournals.com,oT5$Gf!@S_N,mroneyor
893,cbartellos@tmall.com,dW6\qLhZBk,gstickfordos
894,troyot@nih.gov,"cQ9,|dnFQn/&Rm4B",mschuttot
895,hnockellsou@un.org,zE7+.lEtq,croderighiou
896,ljaycocksov@weebly.com,pX5<`1pj!#Hbq,aattwoullov
897,edelacourtow@cloudflare.com,mT4(}ENU)Bpd,rmariotow
898,dleddyox@free.fr,wJ4?=r8e2RD9R$NQ,hciciariox
899,nsterryoy@mail.ru,hM7}GB>_,faldertonoy
900,rpeakoz@businesswire.com,vG3+2qh54/2,jobrollachainoz
901,lroosp0@flickr.com,qN5?sah4\S,mthongerp0
902,bpleassp1@auda.org.au,qG9!l.s>f\lK3,jjevonp1
903,njakubovitsp2@jiathis.com,rW0>evnG59Dr,dwynchp2
904,kblanpeinp3@liveinternet.ru,nB0@>SsYMEZ>9@,mcristofarop3
905,sdransfieldp4@canalblog.com,pJ6|PEoxGgPG\XW,cjantotp4
906,mwellingp5@opensource.org,jL8"kb%S$Lx>B,cmckelveyp5
907,rbaudryp6@i2i.jp,cA2/|4p#4\,ahoveep6
908,emckernonp7@smh.com.au,"xR9,&m>9lD<T_g",btremolieresp7
909,zchinnockp8@newsvine.com,vS8_uL'%C~<N@(,pjuschkap8
910,ltamburop9@issuu.com,"aD7,dDNPX\tE/f",dpoleyp9
911,apanterpa@istockphoto.com,aE7{ygp#wOUSy#C2,bbygreavespa
912,cchristoffepb@posterous.com,wY9!#*vz<yU,sgouleypb
913,eshireffpc@google.cn,pS9(\kno,ntimmespc
914,kmcorkilpd@photobucket.com,"oM7}$#,38qup",ldamsellpd
915,rheersmape@barnesandnoble.com,xU0_py*NVLx,mpienpe
916,tgolledgepf@digg.com,dO1|OpzB{=',umcdavittpf
917,cpammenterpg@yolasite.com,wE7?C|7q|,sbuxampg
918,wdempsterph@com.com,vB1#WX5Ew5}EvLaH,kblackwoodph
919,bbaddileypi@eventbrite.com,aB1~{<azK6mP})J,elurcockpi
920,dlapiduspj@friendfeed.com,tI2$kozbbvoFp,escandritepj
921,hbollerpk@yelp.com,hT0_/T7<,tspoolepk
922,kgeddespl@nps.gov,wV9'7H8f,ckingsfordpl
923,cstowerpm@oakley.com,iN1#Rjeb?,sfilyaevpm
924,eroosepn@army.mil,bL7(8M@Kq.n,rmaclicepn
925,ewhithampo@home.pl,nR6#!cR8TnC`tt,cmortonpo
926,gjobernepp@ihg.com,kC4}#jMO0`V&_O,pnannpp
927,qeselerpq@cdc.gov,"hS8_D8qDV~<b3a5,",akillpq
928,gpavlitschekpr@reverbnation.com,tO6`7buv",awybernpr
929,jbullantps@jigsy.com,gW1/93B)%Bj>?eDP,ecatenotps
930,cduplanpt@jiathis.com,eS7#he~A},mmooganpt
931,ocowthardpu@liveinternet.ru,lZ0%47's<l1#F*K,jgrindrodpu
932,bbellefantpv@imdb.com,hZ3+gL'L7B,bgibbettspv
933,ebroompw@comsenz.com,cW4*Vkei%E<*L<,fsacchettipw
934,etrimbeypx@berkeley.edu,yG1!MLzsnwEK,brycraftpx
935,jnowickpy@tripod.com,fM1#u)t28g,djaradpy
936,skurespz@rakuten.co.jp,"zT7,\!""z`VhjRw#",eabbysspz
937,alayburnq0@123-reg.co.uk,wY4{nt_ax,gfortmanq0
938,mhercheq1@eepurl.com,vJ6<{+jIla\d{,tmackrellq1
939,rechlinq2@surveymonkey.com,zN1@ji5SSoW,oabbissq2
940,gfonzoq3@dagondesign.com,zP5{=(5gf,kpayzeq3
941,gtabordq4@hud.gov,eT0|et|w0D,scrossanq4
942,ljaquestq5@csmonitor.com,jC7{{CAVI4w,cmcgarelq5
943,miveryq6@samsung.com,cS6"|4XS,dlangleyq6
944,amallenq7@umich.edu,nK1>ZWq9<,njarrittq7
945,rlashmoreq8@jimdo.com,lN4\.'QI1,wsarreq8
946,pjayneq9@hubpages.com,iM9#nR2Vec.bcT,dgunnellq9
947,scoldtartqa@reuters.com,qX0\2)?Ts61i,asiddeleyqa
948,jfarnishqb@mlb.com,pN8(E8y!|%}1G,ozanussiiqb
949,jcrazeqc@buzzfeed.com,eN4_Xck6%,tpichmannqc
950,barmfirldqd@odnoklassniki.ru,dQ7{3=c*+B,ktyneqd
951,cdikqe@theatlantic.com,fA7}e%?paOG,struinqe
952,elysqf@zimbio.com,wY1/lwRd,alipscombqf
953,rfrankiewiczqg@vk.com,eX4_Y7YQv,ngilcriestqg
954,eburgoyneqh@dot.gov,yY9#qQb!RQBCAB2,madvaniqh
955,abirchnerqi@merriam-webster.com,sY2/cs9+=AsN10,fbuttingqi
956,rpulsterqj@list-manage.com,hZ6%?1?+c|/E5,rsafontqj
957,nchrismasqk@seesaa.net,uC2@0_\k9JX&,tyallowleyqk
958,groastql@unicef.org,iR7*Da0y30J,agundaql
959,mhefferqm@java.com,xI4#2C*y`EAh)D,itollerfieldqm
960,dledwidgeqn@aboutads.info,"lY0,"">B8CC|9",msallanqn
961,asolleyqo@skype.com,wS4~3WheZc>&)>{0,acusiterqo
962,ccranmerqp@nasa.gov,gW1&T}@9Z\h,fcasellaqp
963,kbruyntjesqq@google.com.hk,wR8<qdP~JChru,alampsqq
964,hshwalbeqr@dailymail.co.uk,uX1{X@Gep*IpG,kpageqr
965,dsolesqs@icio.us,cJ9{k|vFDC,bdurhamqs
966,kflorisqt@independent.co.uk,oO3`CzP3jMhf,tpurdeyqt
967,bcovottoqu@amazon.de,xG2|P~\~F9lB,egrenvillequ
968,kprendeguestqv@issuu.com,uD2@mzI1%o!5m.,cgoldineqv
969,cwyllcockqw@illinois.edu,fN3<*ra7DUk3~,ghindmoorqw
970,cbloggqx@github.io,eT5(=@F`J6Y,swanstallqx
971,cbourqy@ezinearticles.com,cN9?Lvtn7<JRY&,hdownesqy
972,ccoatmanqz@dropbox.com,nH0&U''SHlOa,megdalqz
973,nveelr0@rambler.ru,iI6{\?CR}FfFC,ccoffeltr0
974,soneillr1@mashable.com,kP2~?|!Gdv<K,gfolanr1
975,acluttonr2@indiatimes.com,lP6)i2TtH2"J99,rmcpheatr2
976,pbeddinghamr3@baidu.com,sX3=ZY/9FB2,amoxsonr3
977,olongsonr4@yandex.ru,dQ2=rik8,gpagelsenr4
978,braouxr5@jalbum.net,xA8`lG<="D%,ldewilder5
979,wcattr6@fc2.com,oR7'~e1hkshDG\T,wkwiekr6
980,rkirrensr7@scribd.com,wW1`#S|n4M`$,okitcherr7
981,joxburghr8@webs.com,sM5&c5P/q<FF1Q,awynessr8
982,averteyr9@paypal.com,yN8(O/odMP,jcastelainr9
983,edeniseaura@senate.gov,"rH3>bZ,z#|YLBv0",gpookera
984,bkelshawrb@dyndns.org,xZ6\PQW!eksv,pskeldonrb
985,hsteadrc@sbwire.com,jQ0_5QYE4S3}jHO,tmcgarrierc
986,cloblierd@yale.edu,nJ9*I+?{i|,mbeavenrd
987,tbremeyerre@liveinternet.ru,"mU0,mUcTYrRR'B",jtimlinre
988,hmcilmorierf@webmd.com,nN5.$@|)Q,gpenimanrf
989,cscynerrg@t-online.de,nJ0\io#Klte1uS*p,bbriggerg
990,alegisterrh@seesaa.net,xH7~x%&WZM6~~o,dfatscherrh
991,mnorssisterri@epa.gov,xE2#q&Qs\i@D,lstandishri
992,tnickollsrj@bandcamp.com,"fU7/ZTN,DyZ(",lpreciousrj
993,bdeluciark@networksolutions.com,xM7>j!\`ZIT1x,ndumpletonrk
994,loflanneryrl@friendfeed.com,yU3+?3`ir,alayherl
995,pserlerm@mozilla.org,dW4/mN&Cr,ncockingrm
996,jdadgern@wisc.edu,nL4%sQDCD\HWOE,pgowenrn
997,ebatrickro@ca.gov,iF6|>p6N(p"eu4"O,qjoderro
998,gglanesterrp@simplemachines.org,"jV9#?6t3d,WSl}D(",dsangrp
999,gvailrq@networksolutions.com,mI7`LNpx,rwybrowrq
1000,nstanesrr@microsoft.com,pZ4#vR/GVV/,cpennettirr
